barcode,is_cell,contig_id,high_confidence,length,chain,v_gene,d_gene,j_gene,c_gene,full_length,productive,fwr1,fwr1_nt,cdr1,cdr1_nt,fwr2,fwr2_nt,cdr2,cdr2_nt,fwr3,fwr3_nt,cdr3,cdr3_nt,fwr4,fwr4_nt,reads,umis,raw_clonotype_id,raw_consensus_id,exact_subclonotype_id
ACGGAGACATGCTGGC-1,TRUE,ACGGAGACATGCTGGC-1_contig_1,TRUE,497,IGK,IGKV5-43,NA,IGKJ2,IGKC,TRUE,TRUE,DIVLTQSPATLSVTPGNSVSLSC,GATATTGTGCTAACTCAGTCTCCAGCCACCCTGTCTGTGACTCCAGGAAATAGCGTCAGTCTTTCCTGC,RASQSIGNNLH,AGGGCCAGCCAAAGTATTGGCAACAACCTACAC,WYQQKSHESPRLLIK,TGGTATCAACAAAAATCACATGAGTCTCCAAGGCTTCTCATCAAG,YASQSIS,TATGCTTCCCAGTCCATCTCT,GIPSRFSGSGSGTDFTLSINSVETEDFGMYF,GGGATCCCCTCCAGGTTCAGTGGCAGTGGATCAGGGACAGATTTCACTCTCAGTATCAACAGTGTGGAGACTGAAGATTTTGGAATGTATTTC,CQQSNSWPYTF,TGTCAACAGAGTAACAGCTGGCCGTACACGTTC,GGGTKLEIK,GGAGGGGGGACCAAGCTGGAAATAAAAC,394,24,NA,clonotype1_consensus_1,1
ACATGGTGTAAACCTC-1,TRUE,ACATGGTGTAAACCTC-1_contig_1,TRUE,620,IGK,IGKV11-125,NA,IGKJ2,IGKC,TRUE,TRUE,DVQMIQSPSSLSASLGDIVTMTC,GATGTCCAGATGATTCAGTCTCCATCCTCCCTGTCTGCATCTTTGGGAGACATAGTCACCATGACTTGC,QASQGTSINLN,CAGGCAAGTCAGGGCACTAGCATTAATTTAAAC,WFQQKPGKAPKLLIY,TGGTTTCAGCAAAAACCAGGGAAAGCTCCTAAGCTCCTGATCTAT,GASNLED,GGTGCAAGCAACTTGGAAGAT,GVPSRFSGSRYGTDFTLTISSLEDEDMATYF,GGGGTCCCATCAAGGTTCAGTGGCAGTAGATATGGGACAGATTTCACTCTCACCATCAGCAGCCTGGAGGATGAAGATATGGCAACTTATTTC,CLQHSYLPYTF,TGTCTACAGCATAGTTATCTCCCGTACACGTTC,GGGTKLEIK,GGAGGGGGGACCAAGCTGGAAATAAAAC,214,13,clonotype1229,clonotype1229_consensus_1,1
ACGGCCAAGGGTCGAT-1,TRUE,ACGGCCAAGGGTCGAT-1_contig_1,TRUE,495,IGK,IGKV13-84,NA,IGKJ4,IGKC,TRUE,TRUE,DIQMTQSSSSFSVSLGDRVTITC,GACATCCAGATGACACAATCTTCATCCTCCTTTTCTGTATCTCTAGGAGACAGAGTCACCATTACTTGC,KASEDIYNRLA,AAGGCAAGTGAGGACATATATAATCGGTTAGCC,WYQQKPGNAPRLLIS,TGGTATCAGCAGAAACCAGGAAATGCTCCTAGGCTCTTAATATCT,GATSLET,GGTGCAACCAGTTTGGAAACT,GVPSRFSGSGSGKDYTLSITSLQTEDVATYY,GGGGTTCCTTCAAGATTCAGTGGCAGTGGATCTGGAAAGGATTACACTCTCAGCATTACCAGTCTTCAGACTGAAGATGTTGCTACTTATTAC,CQQYWSTPFTF,TGTCAACAGTATTGGAGTACTCCATTCACGTTC,GSGTKLEIK,GGCTCGGGGACAAAGTTGGAAATAAAAC,114,3,clonotype256,clonotype256_consensus_1,1
AGCTCCTGTCATATGC-1,TRUE,AGCTCCTGTCATATGC-1_contig_1,TRUE,497,IGK,IGKV5-43,NA,IGKJ2,IGKC,TRUE,TRUE,DIVLTQSPATLSVTPGNSVSLSC,GATATTGTGCTAACTCAGTCTCCAGCCACCCTGTCTGTGACTCCAGGAAATAGCGTCAGTCTTTCCTGC,RASQSIGNNLH,AGGGCCAGCCAAAGTATTGGCAACAACCTACAC,WYQQKSHESPRLLIK,TGGTATCAACAAAAATCACATGAGTCTCCAAGGCTTCTCATCAAG,YASQSIS,TATGCTTCCCAGTCCATCTCT,GIPSRFSGSGSGTDFTLSINSVETEDFGMYF,GGGATCCCCTCCAGGTTCAGTGGCAGTGGATCAGGGACAGATTTCACTCTCAGTATCAACAGTGTGGAGACTGAAGATTTTGGAATGTATTTC,CQQSNSWPYTF,TGTCAACAGAGTAACAGCTGGCCGTACACGTTC,GGGTKLEIK,GGAGGGGGGACCAAGCTGGAAATAAAAC,1088,70,clonotype1,clonotype1_consensus_1,1
AGGTCATCAGTAAGCG-1,TRUE,AGGTCATCAGTAAGCG-1_contig_1,TRUE,497,IGK,IGKV5-43,NA,IGKJ2,IGKC,TRUE,TRUE,DIVLTQSPATLSVTPGNSVSLSC,GATATTGTGCTAACTCAGTCTCCAGCCACCCTGTCTGTGACTCCAGGAAATAGCGTCAGTCTTTCCTGC,RASQSIGNNLH,AGGGCCAGCCAAAGTATTGGCAACAACCTACAC,WYQQKSHESPRLLIK,TGGTATCAACAAAAATCACATGAGTCTCCAAGGCTTCTCATCAAG,YASQSIS,TATGCTTCCCAGTCCATCTCT,GIPSRFSGSGSGTDFTLSINSVETEDFGMYF,GGGATCCCCTCCAGGTTCAGTGGCAGTGGATCAGGGACAGATTTCACTCTCAGTATCAACAGTGTGGAGACTGAAGATTTTGGAATGTATTTC,CQQSNSWPYTF,TGTCAACAGAGTAACAGCTGGCCGTACACGTTC,GGGTKLEIK,GGAGGGGGGACCAAGCTGGAAATAAAAC,342,22,clonotype1,clonotype1_consensus_1,1
CACAGTATCCGCTGTT-1,TRUE,CACAGTATCCGCTGTT-1_contig_1,TRUE,509,IGL,IGLV1,NA,IGLJ1,IGLC1,TRUE,TRUE,QAVVTQESALTTSPGETVTLTC,CAGGCTGTTGTGACTCAGGAATCTGCACTCACCACATCACCTGGTGAAACAGTCACACTCACTTGT,RSSTGAVTTSNYAN,CGCTCAAGTACTGGGGCTGTTACAACTAGTAACTATGCCAAC,WVQEKPDHLFTGLIG,TGGGTCCAAGAAAAACCAGATCATTTATTCACTGGTCTAATAGGT,GTNNRAP,GGTACCAACAACCGAGCTCCA,GVPARFSGSLIGDKAALTITGAQTEDEAIYF,GGTGTTCCTGCCAGATTCTCAGGCTCCCTGATTGGAGACAAGGCTGCCCTCACCATCACAGGGGCACAGACTGAGGATGAGGCAATATATTTC,CALWYSNHWVF,TGTGCTCTATGGTACAGCAACCATTGGGTGTTC,GGGTKLTVL,GGTGGAGGAACCAAACTGACTGTCCTAG,394,20,clonotype3,clonotype3_consensus_1,1
CACTCCAGTGCTAGCC-1,TRUE,CACTCCAGTGCTAGCC-1_contig_1,TRUE,497,IGK,IGKV5-43,NA,IGKJ2,IGKC,TRUE,TRUE,DIVLTQSPATLSVTPGNSVSLSC,GATATTGTGCTAACTCAGTCTCCAGCCACCCTGTCTGTGACTCCAGGAAATAGCGTCAGTCTTTCCTGC,RASQSIGNNLH,AGGGCCAGCCAAAGTATTGGCAACAACCTACAC,WYQQKSHESPRLLIK,TGGTATCAACAAAAATCACATGAGTCTCCAAGGCTTCTCATCAAG,YASQSIS,TATGCTTCCCAGTCCATCTCT,GIPSRFSGSGSGTDFTLSINSVETEDFGMYF,GGGATCCCCTCCAGGTTCAGTGGCAGTGGATCAGGGACAGATTTCACTCTCAGTATCAACAGTGTGGAGACTGAAGATTTTGGAATGTATTTC,CQQSNSWPYTF,TGTCAACAGAGTAACAGCTGGCCGTACACGTTC,GGGTKLEIK,GGAGGGGGGACCAAGCTGGAAATAAAAC,98,6,clonotype1,clonotype1_consensus_1,1
CAGCAGCGTTTGGGCC-1,TRUE,CAGCAGCGTTTGGGCC-1_contig_1,TRUE,497,IGK,IGKV5-43,NA,IGKJ2,IGKC,TRUE,TRUE,DIVLTQSPATLSVTPGNSVSLSC,GATATTGTGCTAACTCAGTCTCCAGCCACCCTGTCTGTGACTCCAGGAAATAGCGTCAGTCTTTCCTGC,RASQSIGNNLH,AGGGCCAGCCAAAGTATTGGCAACAACCTACAC,WYQQKSHESPRLLIK,TGGTATCAACAAAAATCACATGAGTCTCCAAGGCTTCTCATCAAG,YASQSIS,TATGCTTCCCAGTCCATCTCT,GIPSRFSGSGSGTDFTLSINSVETEDFGMYF,GGGATCCCCTCCAGGTTCAGTGGCAGTGGATCAGGGACAGATTTCACTCTCAGTATCAACAGTGTGGAGACTGAAGATTTTGGAATGTATTTC,CQQSNSWPYTF,TGTCAACAGAGTAACAGCTGGCCGTACACGTTC,GGGTKLEIK,GGAGGGGGGACCAAGCTGGAAATAAAAC,514,37,clonotype1,clonotype1_consensus_1,1
CCACGGAAGTCCTCCT-1,TRUE,CCACGGAAGTCCTCCT-1_contig_1,TRUE,497,IGK,IGKV5-43,NA,IGKJ2,IGKC,TRUE,TRUE,DIVLTQSPATLSVTPGNSVSLSC,GATATTGTGCTAACTCAGTCTCCAGCCACCCTGTCTGTGACTCCAGGAAATAGCGTCAGTCTTTCCTGC,RASQSIGNNLH,AGGGCCAGCCAAAGTATTGGCAACAACCTACAC,WYQQKSHESPRLLIK,TGGTATCAACAAAAATCACATGAGTCTCCAAGGCTTCTCATCAAG,YASQSIS,TATGCTTCCCAGTCCATCTCT,GIPSRFSGSGSGTDFTLSINSVETEDFGMYF,GGGATCCCCTCCAGGTTCAGTGGCAGTGGATCAGGGACAGATTTCACTCTCAGTATCAACAGTGTGGAGACTGAAGATTTTGGAATGTATTTC,CQQSNSWPYTF,TGTCAACAGAGTAACAGCTGGCCGTACACGTTC,GGGTKLEIK,GGAGGGGGGACCAAGCTGGAAATAAAAC,308,19,clonotype1,clonotype1_consensus_1,1
CCTACACAGAGGTTAT-1,TRUE,CCTACACAGAGGTTAT-1_contig_1,TRUE,496,IGK,IGKV6-23,NA,IGKJ4,IGKC,TRUE,TRUE,DIVMTQSHKFMSTSVGDRVSITC,GACATTGTGATGACCCAGTCTCACAAATTCATGTCCACATCAGTAGGAGACAGGGTCAGCATCACCTGC,KASQDVGTAVA,AAGGCCAGTCAGGATGTGGGTACTGCTGTAGCC,WYQQKPGQSPKLLIY,TGGTATCAACAGAAACCAGGGCAATCTCCTAAACTACTGATTTAC,WASTRHT,TGGGCATCCACCCGGCACACT,GVPDRFTGSGSGTDFTLTISNVQSEDLADYF,GGAGTCCCTGATCGCTTCACAGGCAGTGGATCTGGGACAGATTTCACTCTCACCATTAGCAATGTGCAGTCTGAAGACTTGGCAGATTATTTC,CQQYSSYPFTF,TGTCAGCAATATAGCAGCTATCCATTCACGTTC,GSGTKLEIK,GGCTCGGGGACAAAGTTGGAAATAAAAC,232,17,clonotype53,clonotype53_consensus_1,1
CCTCTGACATGTCTCC-1,TRUE,CCTCTGACATGTCTCC-1_contig_1,TRUE,497,IGK,IGKV5-43,NA,IGKJ2,IGKC,TRUE,TRUE,DIVLTQSPATLSVTPGNSVSLSC,GATATTGTGCTAACTCAGTCTCCAGCCACCCTGTCTGTGACTCCAGGAAATAGCGTCAGTCTTTCCTGC,RASQSIGNNLH,AGGGCCAGCCAAAGTATTGGCAACAACCTACAC,WYQQKSHESPRLLIK,TGGTATCAACAAAAATCACATGAGTCTCCAAGGCTTCTCATCAAG,YASQSIS,TATGCTTCCCAGTCCATCTCT,GIPSRFSGSGSGTDFTLSINSVETEDFGMYF,GGGATCCCCTCCAGGTTCAGTGGCAGTGGATCAGGGACAGATTTCACTCTCAGTATCAACAGTGTGGAGACTGAAGATTTTGGAATGTATTTC,CQQSNSWPYTF,TGTCAACAGAGTAACAGCTGGCCGTACACGTTC,GGGTKLEIK,GGAGGGGGGACCAAGCTGGAAATAAAAC,732,51,clonotype1,clonotype1_consensus_1,1
CCTTTCTGTATAGGTA-1,TRUE,CCTTTCTGTATAGGTA-1_contig_1,TRUE,497,IGK,IGKV5-43,NA,IGKJ2,IGKC,TRUE,TRUE,DIVLTQSPATLSVTPGNSVSLSC,GATATTGTGCTAACTCAGTCTCCAGCCACCCTGTCTGTGACTCCAGGAAATAGCGTCAGTCTTTCCTGC,RASQSIGNNLH,AGGGCCAGCCAAAGTATTGGCAACAACCTACAC,WYQQKSHESPRLLIK,TGGTATCAACAAAAATCACATGAGTCTCCAAGGCTTCTCATCAAG,YASQSIS,TATGCTTCCCAGTCCATCTCT,GIPSRFSGSGSGTDFTLSINSVETEDFGMYF,GGGATCCCCTCCAGGTTCAGTGGCAGTGGATCAGGGACAGATTTCACTCTCAGTATCAACAGTGTGGAGACTGAAGATTTTGGAATGTATTTC,CQQSNSWPYTF,TGTCAACAGAGTAACAGCTGGCCGTACACGTTC,GGGTKLEIK,GGAGGGGGGACCAAGCTGGAAATAAAAC,456,31,clonotype1,clonotype1_consensus_1,1
CGATGTAGTTTGTTGG-1,TRUE,CGATGTAGTTTGTTGG-1_contig_1,TRUE,698,IGH,IGHV1-62-2,NA,IGHJ3,IGHM,TRUE,TRUE,QVQLQQSGAELVKPGASVKLSCKAS,CAGGTCCAGCTGCAGCAGTCTGGAGCTGAGCTGGTGAAACCCGGGGCATCAGTGAAGCTGTCCTGCAAGGCTTCT,GYTFTEY,GGCTACACCTTCACTGAGTAT,TIHWVKQRSGQGLEWIGWF,ACTATACACTGGGTAAAGCAGAGGTCTGGACAGGGTCTTGAGTGGATTGGGTGGTTT,YPGSGS,TACCCTGGAAGTGGTAGT,IKYNEKFKDKATLTADKSSSTVYMELSRLTSEDSAVYF,ATAAAGTACAATGAGAAATTCAAGGACAAGGCCACATTGACTGCGGACAAATCCTCCAGCACAGTCTATATGGAGCTTAGTAGATTGACATCTGAAGACTCTGCGGTCTATTTC,CARHEDGGHYSLAYW,TGTGCAAGACACGAAGATGGAGGCCACTATTCCCTTGCTTACTGG,GQGTLVTVSA,GGCCAAGGGACTCTGGTCACTGTCTCTGCAG,154,8,clonotype3450,clonotype3450_consensus_1,1
CGATGTAGTTTGTTGG-1,TRUE,CGATGTAGTTTGTTGG-1_contig_2,TRUE,497,IGK,IGKV5-43,NA,IGKJ2,IGKC,TRUE,TRUE,DIVLTQSPATLSVTPGNSVSLSC,GATATTGTGCTAACTCAGTCTCCAGCCACCCTGTCTGTGACTCCAGGAAATAGCGTCAGTCTTTCCTGC,RASQSIGNNLH,AGGGCCAGCCAAAGTATTGGCAACAACCTACAC,WYQQKSHESPRLLIK,TGGTATCAACAAAAATCACATGAGTCTCCAAGGCTTCTCATCAAG,YASQSIS,TATGCTTCCCAGTCCATCTCT,GIPSRFSGSGSGTDFTLSINSVETEDFGMYF,GGGATCCCCTCCAGGTTCAGTGGCAGTGGATCAGGGACAGATTTCACTCTCAGTATCAACAGTGTGGAGACTGAAGATTTTGGAATGTATTTC,CQQSNSWPYTF,TGTCAACAGAGTAACAGCTGGCCGTACACGTTC,GGGTKLEIK,GGAGGGGGGACCAAGCTGGAAATAAAAC,556,40,clonotype3450,clonotype3450_consensus_3,1
CGATGTAGTTTGTTGG-1,TRUE,CGATGTAGTTTGTTGG-1_contig_3,TRUE,497,IGK,IGKV5-43,NA,IGKJ5,IGKC,TRUE,TRUE,DIVLTQSPATLSVTPGDSVSLSC,GATATTGTGCTAACTCAGTCTCCAGCCACCCTGTCTGTGACTCCAGGAGATAGCGTCAGTCTTTCCTGC,RASQSISNNLH,AGGGCCAGCCAAAGTATTAGCAACAACCTACAC,WYQQKSHESPRLLIK,TGGTATCAACAAAAATCACATGAGTCTCCAAGGCTTCTCATCAAG,YASQSIS,TATGCTTCCCAGTCCATCTCT,GIPSRFSGSGSGTDFTLSINSVETEDFGMYF,GGGATCCCCTCCAGGTTCAGTGGCAGTGGATCAGGGACAGATTTCACTCTCAGTATCAACAGTGTGGAGACTGAAGATTTTGGAATGTATTTC,CQQSNSWPLTF,TGTCAACAGAGTAACAGCTGGCCTCTCACGTTC,GAGTKLELK,GGTGCTGGGACCAAGCTGGAGCTGAAAC,212,15,clonotype3450,clonotype3450_consensus_2,1
CGTCAGGCAGACACTT-1,TRUE,CGTCAGGCAGACACTT-1_contig_1,TRUE,497,IGK,IGKV5-43,NA,IGKJ2,IGKC,TRUE,TRUE,DIVLTQSPATLSVTPGNSVSLSC,GATATTGTGCTAACTCAGTCTCCAGCCACCCTGTCTGTGACTCCAGGAAATAGCGTCAGTCTTTCCTGC,RASQSIGNNLH,AGGGCCAGCCAAAGTATTGGCAACAACCTACAC,WYQQKSHESPRLLIK,TGGTATCAACAAAAATCACATGAGTCTCCAAGGCTTCTCATCAAG,YASQSIS,TATGCTTCCCAGTCCATCTCT,GIPSRFSGSGSGTDFTLSINSVETEDFGMYF,GGGATCCCCTCCAGGTTCAGTGGCAGTGGATCAGGGACAGATTTCACTCTCAGTATCAACAGTGTGGAGACTGAAGATTTTGGAATGTATTTC,CQQSNSWPYTF,TGTCAACAGAGTAACAGCTGGCCGTACACGTTC,GGGTKLEIK,GGAGGGGGGACCAAGCTGGAAATAAAAC,358,22,clonotype1,clonotype1_consensus_1,1
CGTCTACCAACTGCGC-1,TRUE,CGTCTACCAACTGCGC-1_contig_1,TRUE,509,IGL,IGLV1,NA,IGLJ1,IGLC1,TRUE,TRUE,QAVVTQESALTTSPGETVTLTC,CAGGCTGTTGTGACTCAGGAATCTGCACTCACCACATCACCTGGTGAAACAGTCACACTCACTTGT,RSSTGAVTTSNYAN,CGCTCAAGTACTGGGGCTGTTACAACTAGTAACTATGCCAAC,WVQEKPDHLFTGLIG,TGGGTCCAAGAAAAACCAGATCATTTATTCACTGGTCTAATAGGT,GTNNRAP,GGTACCAACAACCGAGCTCCA,GVPARFSGSLIGDKAALTITGAQTEDEAIYF,GGTGTTCCTGCCAGATTCTCAGGCTCCCTGATTGGAGACAAGGCTGCCCTCACCATCACAGGGGCACAGACTGAGGATGAGGCAATATATTTC,CALWYSNHWVF,TGTGCTCTATGGTACAGCAACCATTGGGTGTTC,GGGTKLTVL,GGTGGAGGAACCAAACTGACTGTCCTAG,552,25,clonotype3,clonotype3_consensus_1,1
CTAAGACCAATAGCGG-1,TRUE,CTAAGACCAATAGCGG-1_contig_1,TRUE,497,IGK,IGKV5-43,NA,IGKJ2,IGKC,TRUE,TRUE,DIVLTQSPATLSVTPGNSVSLSC,GATATTGTGCTAACTCAGTCTCCAGCCACCCTGTCTGTGACTCCAGGAAATAGCGTCAGTCTTTCCTGC,RASQSIGNNLH,AGGGCCAGCCAAAGTATTGGCAACAACCTACAC,WYQQKSHESPRLLIK,TGGTATCAACAAAAATCACATGAGTCTCCAAGGCTTCTCATCAAG,YASQSIS,TATGCTTCCCAGTCCATCTCT,GIPSRFSGSGSGTDFTLSINSVETEDFGMYF,GGGATCCCCTCCAGGTTCAGTGGCAGTGGATCAGGGACAGATTTCACTCTCAGTATCAACAGTGTGGAGACTGAAGATTTTGGAATGTATTTC,CQQSNSWPYTF,TGTCAACAGAGTAACAGCTGGCCGTACACGTTC,GGGTKLEIK,GGAGGGGGGACCAAGCTGGAAATAAAAC,454,34,clonotype1,clonotype1_consensus_1,1
CTACCCAAGCAAATCA-1,TRUE,CTACCCAAGCAAATCA-1_contig_1,TRUE,497,IGK,IGKV5-43,NA,IGKJ2,IGKC,TRUE,TRUE,DIVLTQSPATLSVTPGNSVSLSC,GATATTGTGCTAACTCAGTCTCCAGCCACCCTGTCTGTGACTCCAGGAAATAGCGTCAGTCTTTCCTGC,RASQSIGNNLH,AGGGCCAGCCAAAGTATTGGCAACAACCTACAC,WYQQKSHESPRLLIK,TGGTATCAACAAAAATCACATGAGTCTCCAAGGCTTCTCATCAAG,YASQSIS,TATGCTTCCCAGTCCATCTCT,GIPSRFSGSGSGTDFTLSINSVETEDFGMYF,GGGATCCCCTCCAGGTTCAGTGGCAGTGGATCAGGGACAGATTTCACTCTCAGTATCAACAGTGTGGAGACTGAAGATTTTGGAATGTATTTC,CQQSNSWPYTF,TGTCAACAGAGTAACAGCTGGCCGTACACGTTC,GGGTKLEIK,GGAGGGGGGACCAAGCTGGAAATAAAAC,584,38,clonotype1,clonotype1_consensus_1,1
GAACCTAGTCTAGCGC-1,TRUE,GAACCTAGTCTAGCGC-1_contig_1,TRUE,497,IGK,IGKV5-43,NA,IGKJ2,IGKC,TRUE,TRUE,DIVLTQSPATLSVTPGNSVSLSC,GATATTGTGCTAACTCAGTCTCCAGCCACCCTGTCTGTGACTCCAGGAAATAGCGTCAGTCTTTCCTGC,RASQSIGNNLH,AGGGCCAGCCAAAGTATTGGCAACAACCTACAC,WYQQKSHESPRLLIK,TGGTATCAACAAAAATCACATGAGTCTCCAAGGCTTCTCATCAAG,YASQSIS,TATGCTTCCCAGTCCATCTCT,GIPSRFSGSGSGTDFTLSINSVETEDFGMYF,GGGATCCCCTCCAGGTTCAGTGGCAGTGGATCAGGGACAGATTTCACTCTCAGTATCAACAGTGTGGAGACTGAAGATTTTGGAATGTATTTC,CQQSNSWPYTF,TGTCAACAGAGTAACAGCTGGCCGTACACGTTC,GGGTKLEIK,GGAGGGGGGACCAAGCTGGAAATAAAAC,282,23,clonotype1,clonotype1_consensus_1,1
GAATGAAGTCGAGTTT-1,TRUE,GAATGAAGTCGAGTTT-1_contig_1,TRUE,497,IGK,IGKV5-43,NA,IGKJ2,IGKC,TRUE,TRUE,DIVLTQSPATLSVTPGNSVSLSC,GATATTGTGCTAACTCAGTCTCCAGCCACCCTGTCTGTGACTCCAGGAAATAGCGTCAGTCTTTCCTGC,RASQSIGNNLH,AGGGCCAGCCAAAGTATTGGCAACAACCTACAC,WYQQKSHESPRLLIK,TGGTATCAACAAAAATCACATGAGTCTCCAAGGCTTCTCATCAAG,YASQSIS,TATGCTTCCCAGTCCATCTCT,GIPSRFSGSGSGTDFTLSINSVETEDFGMYF,GGGATCCCCTCCAGGTTCAGTGGCAGTGGATCAGGGACAGATTTCACTCTCAGTATCAACAGTGTGGAGACTGAAGATTTTGGAATGTATTTC,CQQSNSWPYTF,TGTCAACAGAGTAACAGCTGGCCGTACACGTTC,GGGTKLEIK,GGAGGGGGGACCAAGCTGGAAATAAAAC,830,51,clonotype1,clonotype1_consensus_1,1
GACGTTAGTGATGCCC-1,TRUE,GACGTTAGTGATGCCC-1_contig_1,TRUE,497,IGK,IGKV6-23,NA,IGKJ5,IGKC,TRUE,TRUE,DIVMTQSHKFMSTSVGDRVSITC,GACATTGTGATGACCCAGTCTCACAAATTCATGTCCACATCAGTAGGAGACAGGGTCAGCATCACCTGC,KASQDVGTAVA,AAGGCCAGTCAGGATGTGGGTACTGCTGTAGCC,WYQQKPGQSPKLLIY,TGGTATCAACAGAAACCAGGGCAATCTCCTAAACTACTGATTTAC,WASTRHT,TGGGCATCCACCCGGCACACT,GVPDRFTGSGSGTDFTLTISNVQSEDLADYF,GGAGTCCCTGATCGCTTCACAGGCAGTGGATCTGGGACAGATTTCACTCTCACCATTAGCAATGTGCAGTCTGAAGACTTGGCAGATTATTTC,CQQYSSYPLTF,TGTCAGCAATATAGCAGCTATCCTCTCACGTTC,GAGTKLELK,GGTGCTGGGACCAAGCTGGAGCTGAAAC,122,6,clonotype38,clonotype38_consensus_1,1
GACTAACTCGTTACAG-1,TRUE,GACTAACTCGTTACAG-1_contig_1,TRUE,497,IGK,IGKV5-43,NA,IGKJ2,IGKC,TRUE,TRUE,DIVLTQSPATLSVTPGNSVSLSC,GATATTGTGCTAACTCAGTCTCCAGCCACCCTGTCTGTGACTCCAGGAAATAGCGTCAGTCTTTCCTGC,RASQSIGNNLH,AGGGCCAGCCAAAGTATTGGCAACAACCTACAC,WYQQKSHESPRLLIK,TGGTATCAACAAAAATCACATGAGTCTCCAAGGCTTCTCATCAAG,YASQSIS,TATGCTTCCCAGTCCATCTCT,GIPSRFSGSGSGTDFTLSINSVETEDFGMYF,GGGATCCCCTCCAGGTTCAGTGGCAGTGGATCAGGGACAGATTTCACTCTCAGTATCAACAGTGTGGAGACTGAAGATTTTGGAATGTATTTC,CQQSNSWPYTF,TGTCAACAGAGTAACAGCTGGCCGTACACGTTC,GGGTKLEIK,GGAGGGGGGACCAAGCTGGAAATAAAAC,824,54,clonotype1,clonotype1_consensus_1,1
GAGCAGAAGCTGTTCA-1,TRUE,GAGCAGAAGCTGTTCA-1_contig_1,TRUE,497,IGK,IGKV10-96,NA,IGKJ1,IGKC,TRUE,TRUE,DIQMTQTTSSLSASLGDRVTISC,GATATCCAGATGACACAGACTACATCCTCCCTGTCTGCCTCTCTGGGAGACAGAGTCACCATCAGTTGC,RASQDISNYLN,AGGGCAAGTCAGGACATTAGCAATTATTTAAAC,WYQQKPDGTVKLLIY,TGGTATCAGCAGAAACCAGATGGAACTGTTAAACTCCTGATCTAC,YTSRLHS,TACACATCAAGATTACACTCA,GVPSRFSGSGSGTDYSLTISNLEQEDIATYF,GGAGTCCCATCAAGGTTCAGTGGCAGTGGGTCTGGAACAGATTATTCTCTCACCATTAGCAACCTGGAGCAAGAAGATATTGCCACTTACTTT,CQQGNTLPRTF,TGCCAACAGGGTAATACGCTTCCTCGGACGTTC,GGGTKLEIK,GGTGGAGGCACCAAGCTGGAAATCAAAC,118,9,clonotype28,clonotype28_consensus_1,1
GAGGTGACACGTTGGC-1,TRUE,GAGGTGACACGTTGGC-1_contig_1,TRUE,497,IGK,IGKV5-43,NA,IGKJ2,IGKC,TRUE,TRUE,DIVLTQSPATLSVTPGNSVSLSC,GATATTGTGCTAACTCAGTCTCCAGCCACCCTGTCTGTGACTCCAGGAAATAGCGTCAGTCTTTCCTGC,RASQSIGNNLH,AGGGCCAGCCAAAGTATTGGCAACAACCTACAC,WYQQKSHESPRLLIK,TGGTATCAACAAAAATCACATGAGTCTCCAAGGCTTCTCATCAAG,YASQSIS,TATGCTTCCCAGTCCATCTCT,GIPSRFSGSGSGTDFTLSINSVETEDFGMYF,GGGATCCCCTCCAGGTTCAGTGGCAGTGGATCAGGGACAGATTTCACTCTCAGTATCAACAGTGTGGAGACTGAAGATTTTGGAATGTATTTC,CQQSNSWPYTF,TGTCAACAGAGTAACAGCTGGCCGTACACGTTC,GGGTKLEIK,GGAGGGGGGACCAAGCTGGAAATAAAAC,1046,64,clonotype1,clonotype1_consensus_1,1
GAGTCCGTCAGTTAGC-1,TRUE,GAGTCCGTCAGTTAGC-1_contig_1,TRUE,497,IGK,IGKV5-43,NA,IGKJ2,IGKC,TRUE,TRUE,DIVLTQSPATLSVTPGNSVSLSC,GATATTGTGCTAACTCAGTCTCCAGCCACCCTGTCTGTGACTCCAGGAAATAGCGTCAGTCTTTCCTGC,RASQSIGNNLH,AGGGCCAGCCAAAGTATTGGCAACAACCTACAC,WYQQKSHESPRLLIK,TGGTATCAACAAAAATCACATGAGTCTCCAAGGCTTCTCATCAAG,YASQSIS,TATGCTTCCCAGTCCATCTCT,GIPSRFSGSGSGTDFTLSINSVETEDFGMYF,GGGATCCCCTCCAGGTTCAGTGGCAGTGGATCAGGGACAGATTTCACTCTCAGTATCAACAGTGTGGAGACTGAAGATTTTGGAATGTATTTC,CQQSNSWPYTF,TGTCAACAGAGTAACAGCTGGCCGTACACGTTC,GGGTKLEIK,GGAGGGGGGACCAAGCTGGAAATAAAAC,222,16,clonotype1,clonotype1_consensus_1,1
GATGAGGAGGCGTACA-1,TRUE,GATGAGGAGGCGTACA-1_contig_1,TRUE,497,IGK,IGKV5-43,NA,IGKJ2,IGKC,TRUE,TRUE,DIVLTQSPATLSVTPGNSVSLSC,GATATTGTGCTAACTCAGTCTCCAGCCACCCTGTCTGTGACTCCAGGAAATAGCGTCAGTCTTTCCTGC,RASQSIGNNLH,AGGGCCAGCCAAAGTATTGGCAACAACCTACAC,WYQQKSHESPRLLIK,TGGTATCAACAAAAATCACATGAGTCTCCAAGGCTTCTCATCAAG,YASQSIS,TATGCTTCCCAGTCCATCTCT,GIPSRFSGSGSGTDFTLSINSVETEDFGMYF,GGGATCCCCTCCAGGTTCAGTGGCAGTGGATCAGGGACAGATTTCACTCTCAGTATCAACAGTGTGGAGACTGAAGATTTTGGAATGTATTTC,CQQSNSWPYTF,TGTCAACAGAGTAACAGCTGGCCGTACACGTTC,GGGTKLEIK,GGAGGGGGGACCAAGCTGGAAATAAAAC,154,12,clonotype1,clonotype1_consensus_1,1
GCTTGAAAGCTAGGCA-1,TRUE,GCTTGAAAGCTAGGCA-1_contig_1,TRUE,586,IGH,IGHV1-5,NA,IGHJ4,IGHA,TRUE,TRUE,EVQLQQSGTVLARPGASVKMSCKTS,GAGGTTCAACTCCAGCAGTCTGGGACTGTGCTGGCAAGGCCTGGGGCTTCAGTGAAGATGTCCTGCAAGACTTCT,DYTFTTY,GACTACACATTTACCACCTAC,WMHWVKQRPGQGLEWIGAV,TGGATGCACTGGGTAAAACAGAGGCCTGGACAGGGTCTGGAATGGATAGGGGCTGTT,YPGNSD,TATCCTGGAAATAGTGAT,TNYNQKFKGKAKLTAVTSARTAYMELSSLTNEDSAVYY,ACTAACTACAACCAGAAGTTCAAGGGCAAGGCCAAACTGACTGCAGTCACGTCCGCCAGGACTGCCTACATGGAGCTCAGCAGCCTGACAAATGAGGACTCTGCGGTCTATTAC,CTRGVTTTSYCALDYW,TGTACAAGAGGAGTAACTACGACCTCTTACTGTGCTTTGGACTACTGG,GQGTSVTVSS,GGTCAAGGAACCTCAGTCACCGTTTCCTCAG,1770,102,clonotype82,clonotype82_consensus_1,2
GCTTGAAAGCTAGGCA-1,TRUE,GCTTGAAAGCTAGGCA-1_contig_2,TRUE,497,IGK,IGKV5-43,NA,IGKJ2,IGKC,TRUE,TRUE,DIVLTQSPATLSVTPGNSVSLSC,GATATTGTGCTAACTCAGTCTCCAGCCACCCTGTCTGTGACTCCAGGAAATAGCGTCAGTCTTTCCTGC,RASQSIGNNLH,AGGGCCAGCCAAAGTATTGGCAACAACCTACAC,WYQQKSHESPRLLIK,TGGTATCAACAAAAATCACATGAGTCTCCAAGGCTTCTCATCAAG,YASQSIS,TATGCTTCCCAGTCCATCTCT,GIPSRFSGSGSGTDFTLSINSVETEDFGMYF,GGGATCCCCTCCAGGTTCAGTGGCAGTGGATCAGGGACAGATTTCACTCTCAGTATCAACAGTGTGGAGACTGAAGATTTTGGAATGTATTTC,CQQSNSWPYTF,TGTCAACAGAGTAACAGCTGGCCGTACACGTTC,GGGTKLEIK,GGAGGGGGGACCAAGCTGGAAATAAAAC,2068,124,clonotype82,clonotype82_consensus_2,2
GGCTCGACATACTACG-1,TRUE,GGCTCGACATACTACG-1_contig_1,TRUE,497,IGK,IGKV5-43,NA,IGKJ2,IGKC,TRUE,TRUE,DIVLTQSPATLSVTPGNSVSLSC,GATATTGTGCTAACTCAGTCTCCAGCCACCCTGTCTGTGACTCCAGGAAATAGCGTCAGTCTTTCCTGC,RASQSIGNNLH,AGGGCCAGCCAAAGTATTGGCAACAACCTACAC,WYQQKSHESPRLLIK,TGGTATCAACAAAAATCACATGAGTCTCCAAGGCTTCTCATCAAG,YASQSIS,TATGCTTCCCAGTCCATCTCT,GIPSRFSGSGSGTDFTLSINSVETEDFGMYF,GGGATCCCCTCCAGGTTCAGTGGCAGTGGATCAGGGACAGATTTCACTCTCAGTATCAACAGTGTGGAGACTGAAGATTTTGGAATGTATTTC,CQQSNSWPYTF,TGTCAACAGAGTAACAGCTGGCCGTACACGTTC,GGGTKLEIK,GGAGGGGGGACCAAGCTGGAAATAAAAC,994,65,clonotype1,clonotype1_consensus_1,1
GTCTTCGAGACAGAGA-1,TRUE,GTCTTCGAGACAGAGA-1_contig_1,TRUE,493,IGK,IGKV15-103,NA,IGKJ1,IGKC,TRUE,TRUE,DIQMNQSPSSLSASLGDTITITC,GACATCCAGATGAACCAGTCTCCATCCAGTCTGTCTGCATCCCTTGGAGACACAATTACCATCACTTGC,HASQNINVWLS,CATGCCAGTCAGAACATTAATGTTTGGTTAAGC,WYQQKPGNIPKLLIY,TGGTACCAGCAGAAACCAGGAAATATTCCTAAACTATTGATCTAT,KASNLHT,AAGGCTTCCAACTTGCACACA,GVPSRFSGSGSGTGFTLTISSLQPEDIATYY,GGCGTCCCATCAAGGTTTAGTGGCAGTGGATCTGGAACAGGTTTCACATTAACCATCAGCAGCCTGCAGCCTGAAGACATTGCCACTTACTAC,CQQGQSYPWTF,TGTCAACAGGGTCAAAGTTATCCGTGGACGTTC,GGGTKLEIK,GGTGGAGGCACCAAGCTGGAAATCAAAC,244,12,clonotype380,clonotype380_consensus_1,1
GTGCATAAGTGTGGCA-1,TRUE,GTGCATAAGTGTGGCA-1_contig_1,TRUE,497,IGK,IGKV5-43,NA,IGKJ2,IGKC,TRUE,TRUE,DIVLTQSPATLSVTPGNSVSLSC,GATATTGTGCTAACTCAGTCTCCAGCCACCCTGTCTGTGACTCCAGGAAATAGCGTCAGTCTTTCCTGC,RASQSIGNNLH,AGGGCCAGCCAAAGTATTGGCAACAACCTACAC,WYQQKSHESPRLLIK,TGGTATCAACAAAAATCACATGAGTCTCCAAGGCTTCTCATCAAG,YASQSIS,TATGCTTCCCAGTCCATCTCT,GIPSRFSGSGSGTDFTLSINSVETEDFGMYF,GGGATCCCCTCCAGGTTCAGTGGCAGTGGATCAGGGACAGATTTCACTCTCAGTATCAACAGTGTGGAGACTGAAGATTTTGGAATGTATTTC,CQQSNSWPYTF,TGTCAACAGAGTAACAGCTGGCCGTACACGTTC,GGGTKLEIK,GGAGGGGGGACCAAGCTGGAAATAAAAC,1112,69,clonotype1,clonotype1_consensus_1,1
GTGGGTCAGTTCGCAT-1,TRUE,GTGGGTCAGTTCGCAT-1_contig_1,TRUE,540,IGK,IGKV5-39,NA,IGKJ5,IGKC,TRUE,TRUE,DIVMTQSPATLSVTPGDRVSLSC,GACATTGTGATGACTCAGTCTCCAGCCACCCTGTCTGTGACTCCAGGAGATAGAGTCTCTCTTTCCTGC,RASQSISDYLH,AGGGCCAGCCAGAGTATTAGCGACTACTTACAC,WYQQKSHESPRLLIK,TGGTATCAACAAAAATCACATGAGTCTCCAAGGCTTCTCATCAAA,YASQSIS,TATGCTTCCCAATCCATCTCT,GIPSRFSGSGSGSDFTLSINSVEPEDVGVYY,GGGATCCCCTCCAGGTTCAGTGGCAGTGGATCAGGGTCAGATTTCACTCTCAGTATCAACAGTGTGGAACCTGAAGATGTTGGAGTGTATTAC,CQNGHSFPLTF,TGTCAAAATGGTCACAGCTTTCCGCTCACGTTC,GAGTKLELK,GGTGCTGGGACCAAGCTGGAGCTGAAAC,196,11,clonotype805,clonotype805_consensus_1,1
TCAACGAAGTGGCACA-1,TRUE,TCAACGAAGTGGCACA-1_contig_1,TRUE,606,IGK,IGKV17-127,NA,IGKJ5,IGKC,TRUE,TRUE,ETTVTQSPASLSVATGEKVTIRC,GAAACAACTGTGACCCAGTCTCCAGCATCCCTGTCCGTGGCTACAGGAGAAAAAGTCACTATCAGATGC,ITSTDIDDDMN,ATAACCAGCACTGATATTGATGATGATATGAAC,WYQQKPGEPPKLLIS,TGGTACCAGCAGAAGCCAGGGGAACCTCCTAAGCTCCTTATTTCA,EGNTLRP,GAAGGCAATACTCTTCGTCCT,GVPSRFSSSGYGTDFVFTIENTLSEDVADYY,GGAGTCCCATCCCGATTCTCCAGCAGTGGCTATGGCACAGATTTTGTTTTTACAATTGAAAACACGCTCTCAGAAGATGTTGCAGATTACTAC,CLQSDNMPLTF,TGTTTGCAAAGTGATAACATGCCGCTCACGTTC,GAGTKLELK,GGTGCTGGGACCAAGCTGGAGCTGAAAC,452,29,clonotype36,clonotype36_consensus_1,1
TCCACACTCAGCACAT-1,TRUE,TCCACACTCAGCACAT-1_contig_1,TRUE,520,IGK,IGKV8-27,NA,IGKJ1,IGKC,TRUE,TRUE,NIMMTQSPSSLAVSAGEKVTMSC,AACATTATGATGACACAGTCGCCATCATCTCTGGCTGTGTCTGCAGGAGAAAAGGTCACTATGAGCTGT,KSSQSVLYSSNQKNYLA,AAGTCCAGTCAAAGTGTTTTATACAGTTCAAATCAGAAGAACTACTTGGCC,WYQQKPGQSPKLLIY,TGGTACCAGCAGAAACCAGGGCAGTCTCCTAAACTGCTGATCTAC,WASTRES,TGGGCATCCACTAGGGAATCT,GVPDRFTGSGSGTDFTLTISSVQAEDLAVYY,GGTGTCCCTGATCGCTTCACAGGCAGTGGATCTGGGACAGATTTTACTCTTACCATCAGCAGTGTACAAGCTGAAGACCTGGCAGTTTATTAC,CHQYLSSWTF,TGTCATCAATACCTCTCCTCGTGGACGTTC,GGGTKLEIK,GGTGGAGGCACCAAGCTGGAAATCAAAC,334,20,clonotype2024,clonotype2024_consensus_1,1
TGATTTCAGCTAGTTC-1,TRUE,TGATTTCAGCTAGTTC-1_contig_1,TRUE,497,IGK,IGKV5-43,NA,IGKJ2,IGKC,TRUE,TRUE,DIVLTQSPATLSVTPGNSVSLSC,GATATTGTGCTAACTCAGTCTCCAGCCACCCTGTCTGTGACTCCAGGAAATAGCGTCAGTCTTTCCTGC,RASQSIGNNLH,AGGGCCAGCCAAAGTATTGGCAACAACCTACAC,WYQQKSHESPRLLIK,TGGTATCAACAAAAATCACATGAGTCTCCAAGGCTTCTCATCAAG,YASQSIS,TATGCTTCCCAGTCCATCTCT,GIPSRFSGSGSGTDFTLSINSVETEDFGMYF,GGGATCCCCTCCAGGTTCAGTGGCAGTGGATCAGGGACAGATTTCACTCTCAGTATCAACAGTGTGGAGACTGAAGATTTTGGAATGTATTTC,CQQSNSWPYTF,TGTCAACAGAGTAACAGCTGGCCGTACACGTTC,GGGTKLEIK,GGAGGGGGGACCAAGCTGGAAATAAAAC,294,20,clonotype1,clonotype1_consensus_1,1
TGTATTCTCAGTTGAC-1,TRUE,TGTATTCTCAGTTGAC-1_contig_1,TRUE,499,IGK,IGKV17-127,NA,IGKJ5,IGKC,TRUE,TRUE,ETTVTQSPASLSVATGEKVTIRC,GAAACAACTGTGACCCAGTCTCCAGCATCCCTGTCCGTGGCTACAGGAGAAAAAGTCACTATCAGATGC,ITSTDIDDDMN,ATAACCAGCACTGATATTGATGATGATATGAAC,WYQQKPGEPPKLLIS,TGGTACCAGCAGAAGCCAGGGGAACCTCCTAAGCTCCTTATTTCA,EGNTLRP,GAAGGCAATACTCTTCGTCCT,GVPSRFSSSGYGTDFVFTIENTLSEDVADYY,GGAGTCCCATCCCGATTCTCCAGCAGTGGCTATGGCACAGATTTTGTTTTTACAATTGAAAACACGCTCTCAGAAGATGTTGCAGATTACTAC,CLQSDNMPLTF,TGTTTGCAAAGTGATAACATGCCTCTCACGTTC,GAGTKLELK,GGTGCTGGGACCAAGCTGGAGCTGAAAC,204,18,clonotype37,clonotype37_consensus_1,1
TGTCCCAAGTGCGTGA-1,TRUE,TGTCCCAAGTGCGTGA-1_contig_1,TRUE,497,IGK,IGKV5-43,NA,IGKJ2,IGKC,TRUE,TRUE,DIVLTQSPATLSVTPGNSVSLSC,GATATTGTGCTAACTCAGTCTCCAGCCACCCTGTCTGTGACTCCAGGAAATAGCGTCAGTCTTTCCTGC,RASQSIGNNLH,AGGGCCAGCCAAAGTATTGGCAACAACCTACAC,WYQQKSHESPRLLIK,TGGTATCAACAAAAATCACATGAGTCTCCAAGGCTTCTCATCAAG,YASQSIS,TATGCTTCCCAGTCCATCTCT,GIPSRFSGSGSGTDFTLSINSVETEDFGMYF,GGGATCCCCTCCAGGTTCAGTGGCAGTGGATCAGGGACAGATTTCACTCTCAGTATCAACAGTGTGGAGACTGAAGATTTTGGAATGTATTTC,CQQSNSWPYTF,TGTCAACAGAGTAACAGCTGGCCGTACACGTTC,GGGTKLEIK,GGAGGGGGGACCAAGCTGGAAATAAAAC,234,20,clonotype1,clonotype1_consensus_1,1
TTAGGCAGTAGCACGA-1,TRUE,TTAGGCAGTAGCACGA-1_contig_1,TRUE,497,IGK,IGKV9-120,NA,IGKJ4,IGKC,TRUE,TRUE,DIQMTQSPSSLSASLGERVSLTC,GACATCCAGATGACCCAGTCTCCATCCTCCTTATCTGCCTCTCTGGGAGAAAGAGTCAGTCTCACTTGT,RASQDIGSSLN,CGGGCAAGTCAGGACATTGGTAGTAGCTTAAAC,WLQQEPDGTIKRLIY,TGGCTTCAGCAGGAACCAGATGGAACTATTAAACGCCTGATCTAC,ATSSLDS,GCCACATCCAGTTTAGATTCT,GVPKRFSGSRSGSDYSLTISSLESEDFVDYY,GGTGTCCCCAAAAGGTTCAGTGGCAGTAGGTCTGGGTCAGATTATTCTCTCACCATCAGCAGCCTTGAGTCTGAAGATTTTGTAGACTATTAC,CLQYASSPFTF,TGTCTACAATATGCTAGTTCTCCATTCACGTTC,GSGTKLEIK,GGCTCGGGGACAAAGTTGGAAATAAAAC,504,26,clonotype45,clonotype45_consensus_1,1
TTCTACAAGGCCCTTG-1,TRUE,TTCTACAAGGCCCTTG-1_contig_1,TRUE,497,IGK,IGKV5-43,NA,IGKJ2,IGKC,TRUE,TRUE,DIVLTQSPATLSVTPGNSVSLSC,GATATTGTGCTAACTCAGTCTCCAGCCACCCTGTCTGTGACTCCAGGAAATAGCGTCAGTCTTTCCTGC,RASQSIGNNLH,AGGGCCAGCCAAAGTATTGGCAACAACCTACAC,WYQQKSHESPRLLIK,TGGTATCAACAAAAATCACATGAGTCTCCAAGGCTTCTCATCAAG,YASQSIS,TATGCTTCCCAGTCCATCTCT,GIPSRFSGSGSGTDFTLSINSVETEDFGMYF,GGGATCCCCTCCAGGTTCAGTGGCAGTGGATCAGGGACAGATTTCACTCTCAGTATCAACAGTGTGGAGACTGAAGATTTTGGAATGTATTTC,CQQSNSWPYTF,TGTCAACAGAGTAACAGCTGGCCGTACACGTTC,GGGTKLEIK,GGAGGGGGGACCAAGCTGGAAATAAAAC,352,27,clonotype1,clonotype1_consensus_1,1
