barcode,is_cell,contig_id,high_confidence,length,chain,v_gene,d_gene,j_gene,c_gene,full_length,productive,cdr3,cdr3_nt,reads,umis,raw_clonotype_id,raw_consensus_id
AACGTTGTCGGAAACG-1,TRUE,AACGTTGTCGGAAACG-1_contig_1,TRUE,590,TRB,TRBV3,None,TRBJ2-7,None,TRUE,TRUE,CASSYSYEQYF,TGTGCCAGCAGCTACTCCTATGAACAGTACTTC,812,8,NA,clonotype415_consensus_2
AACGTTGTCGGAAACG-1,TRUE,AACGTTGTCGGAAACG-1_contig_2,TRUE,663,TRA,TRAV9-4,None,TRAJ26,TRAC,TRUE,TRUE,CAVSAGNYAQGLTF,TGTGCTGTGAGCGCGGGGAACTATGCCCAGGGATTAACCTTC,312,3,clonotype415,clonotype415_consensus_1
AACGTTGTCGGAAACG-1,TRUE,AACGTTGTCGGAAACG-1_contig_3,TRUE,553,TRB,TRBV12-1,None,TRBJ1-2,TRBC1,TRUE,FALSE,CTSVPALRTGDSDYTF,TGTACTTCTGTGCCAGCTCTCCGGACAGGGGACTCCGACTACACCTTC,482,3,clonotype415,None
ACATCAGAGTGTTTGC-1,TRUE,ACATCAGAGTGTTTGC-1_contig_1,TRUE,539,TRA,TRAV6D-3,None,TRAJ39,TRAC,TRUE,TRUE,CAMSGGDAGAKLTF,TGTGCTATGAGTGGTGGGGATGCAGGTGCCAAGCTCACATTC,332,3,clonotype1084,clonotype1084_consensus_2
ACATCAGAGTGTTTGC-1,TRUE,ACATCAGAGTGTTTGC-1_contig_2,TRUE,565,TRB,TRBV1,None,TRBJ2-7,None,TRUE,TRUE,CTCSADSRGEQYF,TGCACCTGCAGTGCAGACTCCAGGGGCGAACAGTACTTC,1200,7,clonotype1084,clonotype1084_consensus_1
ACCAGTAGTTCGGCAC-1,TRUE,ACCAGTAGTTCGGCAC-1_contig_1,TRUE,602,TRB,TRBV3,None,TRBJ2-5,None,TRUE,TRUE,CASSSTGGADTQYF,TGTGCCAGCAGCTCGACTGGGGGGGCTGACACCCAGTACTTT,816,8,clonotype1162,clonotype1162_consensus_1
ACCAGTAGTTCGGCAC-1,TRUE,ACCAGTAGTTCGGCAC-1_contig_2,TRUE,556,TRA,TRAV13D-2,None,TRAJ57,TRAC,TRUE,TRUE,CACQGGSAKLIF,TGTGCTTGTCAAGGAGGGTCTGCGAAGCTCATCTTT,604,5,clonotype1162,clonotype1162_consensus_2
ACCAGTAGTTCGGCAC-1,TRUE,ACCAGTAGTTCGGCAC-1_contig_3,TRUE,664,TRA,TRAV9D-3,None,TRAJ18,TRAC,TRUE,FALSE,CTSVPDRGSALGRLHF,TGTACTTCTGTGCCCGATAGAGGTTCAGCCTTAGGGAGGCTGCATTTT,480,4,clonotype1162,None
ACTGATGGTTAGAACA-1,TRUE,ACTGATGGTTAGAACA-1_contig_1,TRUE,555,TRB,TRBV16,None,TRBJ2-3,None,TRUE,TRUE,CASSLETGGRAETLYF,TGTGCAAGCAGCTTAGAGACTGGGGGGAGGGCAGAAACGCTGTATTTT,268,4,clonotype1788,clonotype1788_consensus_1
ACTGATGGTTAGAACA-1,TRUE,ACTGATGGTTAGAACA-1_contig_2,TRUE,523,TRA,TRAV6N-7,None,TRAJ23,TRAC,TRUE,TRUE,CALGLYNQGKLIF,TGTGCTCTGGGTCTTTATAACCAGGGGAAGCTTATCTTT,388,2,clonotype1788,clonotype1788_consensus_2
ACTTGTTCATATGCTG-1,TRUE,ACTTGTTCATATGCTG-1_contig_1,TRUE,511,TRA,TRAV6-5,None,TRAJ39,TRAC,TRUE,TRUE,CALSDNNAGAKLTF,TGTGCTCTGAGTGATAATAATGCAGGTGCCAAGCTCACATTC,1152,6,clonotype1899,clonotype1899_consensus_2
ACTTGTTCATATGCTG-1,TRUE,ACTTGTTCATATGCTG-1_contig_2,TRUE,522,TRB,TRBV13-3,None,TRBJ2-5,None,TRUE,TRUE,CASSGGLGGLYTQYF,TGTGCCAGCAGTGGTGGACTGGGGGGGCTATACACCCAGTACTTT,262,2,clonotype1899,clonotype1899_consensus_1
ACTTGTTCATATGCTG-1,TRUE,ACTTGTTCATATGCTG-1_contig_3,TRUE,363,TRB,TRBV13-3,None,TRBJ1-1,TRBC1,TRUE,FALSE,None,None,398,2,clonotype1899,None
AGGGAGTTCCGGCACA-1,TRUE,AGGGAGTTCCGGCACA-1_contig_1,TRUE,525,TRB,TRBV31,None,TRBJ2-4,None,TRUE,TRUE,CAWSTGGFQNTLYF,TGTGCCTGGAGTACTGGGGGGTTCCAAAACACCTTGTACTTT,1134,9,clonotype2581,clonotype2581_consensus_1
AGGGAGTTCCGGCACA-1,TRUE,AGGGAGTTCCGGCACA-1_contig_2,TRUE,546,TRA,TRAV7-3,None,TRAJ30,TRAC,TRUE,TRUE,CAVSNTNAYKVIF,TGTGCAGTGAGCAACACAAATGCTTACAAAGTCATCTTT,238,2,clonotype2581,clonotype2581_consensus_2
AGTAGTCTCGGCGGTT-1,TRUE,AGTAGTCTCGGCGGTT-1_contig_1,TRUE,522,TRB,TRBV5,None,TRBJ2-7,None,TRUE,TRUE,CASSQDWGGAREQYF,TGTGCCAGCAGCCAAGACTGGGGGGGCGCGAGGGAACAGTACTTC,476,4,clonotype2752,clonotype2752_consensus_1
AGTAGTCTCGGCGGTT-1,TRUE,AGTAGTCTCGGCGGTT-1_contig_2,TRUE,553,TRA,TRAV13-1,None,TRAJ27,TRAC,TRUE,TRUE,CALEPNTGKLTF,TGTGCTTTGGAACCCAATACAGGCAAATTAACCTTT,184,1,clonotype2752,clonotype2752_consensus_2
AGTTGGTTCTTGTATC-1,TRUE,AGTTGGTTCTTGTATC-1_contig_1,TRUE,516,TRB,TRBV5,None,TRBJ2-4,None,TRUE,TRUE,CASSQEGENTLYF,TGTGCCAGCAGCCAAGAGGGGGAAAACACCTTGTACTTT,346,3,clonotype2903,clonotype2903_consensus_1
AGTTGGTTCTTGTATC-1,TRUE,AGTTGGTTCTTGTATC-1_contig_2,TRUE,531,TRA,TRAV13D-2,None,TRAJ42,TRAC,TRUE,FALSE,None,None,92,1,clonotype2903,None
ATCCACCAGCGACGTA-1,TRUE,ATCCACCAGCGACGTA-1_contig_1,TRUE,534,TRA,TRAV4-4-DV10,None,TRAJ40,TRAC,TRUE,TRUE,CAAEENTGNYKYVF,TGTGCTGCTGAGGAAAATACAGGAAACTACAAATACGTCTTT,294,2,clonotype3105,clonotype3105_consensus_2
ATCCACCAGCGACGTA-1,TRUE,ATCCACCAGCGACGTA-1_contig_2,TRUE,516,TRB,TRBV13-3,None,TRBJ1-3,TRBC1,TRUE,TRUE,CASSDPGRNTLYF,TGTGCCAGCAGTGATCCAGGGAGAAATACGCTCTATTTT,636,5,clonotype3105,clonotype3105_consensus_1
ATTATCCGTTAAAGTG-1,TRUE,ATTATCCGTTAAAGTG-1_contig_1,TRUE,525,TRB,TRBV5,None,TRBJ2-1,None,TRUE,TRUE,CASSPDWGVDYAEQFF,TGTGCCAGCAGCCCGGACTGGGGGGTCGACTATGCTGAGCAGTTCTTC,418,5,clonotype3461,clonotype3461_consensus_1
ATTCTACTCCTTAATC-1,TRUE,ATTCTACTCCTTAATC-1_contig_1,TRUE,544,TRA,TRAV6N-7,None,TRAJ40,TRAC,TRUE,TRUE,CALGDVNTGNYKYVF,TGTGCTCTGGGTGACGTTAATACAGGAAACTACAAATACGTCTTT,512,4,clonotype3506,clonotype3506_consensus_2
ATTCTACTCCTTAATC-1,TRUE,ATTCTACTCCTTAATC-1_contig_2,TRUE,647,TRB,TRBV2,None,TRBJ2-5,None,TRUE,TRUE,CASRQRNQDTQYF,TGTGCCAGCAGACAGAGGAACCAAGACACCCAGTACTTT,542,3,clonotype3506,clonotype3506_consensus_1
CAAGATCTCGCATGGC-1,TRUE,CAAGATCTCGCATGGC-1_contig_1,TRUE,602,TRB,TRBV3,None,TRBJ2-7,None,TRUE,TRUE,CASSLGRSSYEQYF,TGTGCCAGCAGCTTAGGACGGAGCTCCTATGAACAGTACTTC,400,4,clonotype3767,clonotype3767_consensus_1
CAAGATCTCGCATGGC-1,TRUE,CAAGATCTCGCATGGC-1_contig_2,TRUE,503,TRA,TRAV13-2,None,TRAJ30,TRAC,TRUE,TRUE,CAPTNAYKVIF,TGTGCTCCCACCAATGCTTACAAAGTCATCTTT,72,1,clonotype3767,clonotype3767_consensus_2
CAGGTGCAGATCTGAA-1,TRUE,CAGGTGCAGATCTGAA-1_contig_1,TRUE,521,TRB,TRBV15,None,TRBJ2-7,None,TRUE,TRUE,CASSLGLGLYEQYF,TGTGCCAGCAGTTTAGGACTGGGGCTCTATGAACAGTACTTC,778,9,clonotype4576,clonotype4576_consensus_2
CAGGTGCAGATCTGAA-1,TRUE,CAGGTGCAGATCTGAA-1_contig_2,TRUE,559,TRB,TRBV12-2+TRBV13-2,None,TRBJ1-2,TRBC1,TRUE,TRUE,CASGGQNSDYTF,TGTGCCAGCGGAGGACAAAACTCCGACTACACCTTC,254,2,clonotype4576,clonotype4576_consensus_1
CAGGTGCAGATCTGAA-1,TRUE,CAGGTGCAGATCTGAA-1_contig_3,TRUE,339,TRB,None,None,TRBJ2-1,None,FALSE,FALSE,None,None,726,4,clonotype4576,None
CAGGTGCAGATCTGAA-1,TRUE,CAGGTGCAGATCTGAA-1_contig_4,TRUE,337,TRB,None,None,TRBJ2-3,None,FALSE,FALSE,None,None,344,1,clonotype4576,None
CATCGGGCACATTTCT-1,TRUE,CATCGGGCACATTTCT-1_contig_1,TRUE,558,TRB,TRBV13-3,None,TRBJ2-3,None,TRUE,TRUE,CASSDNRVGAETLYF,TGTGCCAGCAGTGATAACAGGGTCGGCGCAGAAACGCTGTATTTT,788,9,clonotype4863,clonotype4863_consensus_1
CCATGTCCATGCCCGA-1,TRUE,CCATGTCCATGCCCGA-1_contig_1,TRUE,570,TRB,TRBV12-2,None,TRBJ1-6,TRBC1,TRUE,TRUE,CASSLWGQGMGSPLYF,TGTGCCAGCTCTCTCTGGGGACAGGGGATGGGTTCGCCCCTCTACTTT,1162,10,clonotype5234,clonotype5234_consensus_2
CCATGTCCATGCCCGA-1,TRUE,CCATGTCCATGCCCGA-1_contig_2,TRUE,459,TRA,TRAV4-4-DV10,None,TRAJ40,None,TRUE,TRUE,CAAEATGNYKYVF,TGTGCTGCTGAGGCGACAGGAAACTACAAATACGTCTTT,116,1,clonotype5234,clonotype5234_consensus_1
CCATGTCCATGCCCGA-1,TRUE,CCATGTCCATGCCCGA-1_contig_3,TRUE,354,TRB,None,None,TRBJ2-7,None,FALSE,FALSE,None,None,1538,7,clonotype5234,None
CCATGTCCATGCCCGA-1,TRUE,CCATGTCCATGCCCGA-1_contig_4,TRUE,435,TRA,TRAV4-3,None,TRAJ31,TRAC,TRUE,FALSE,CAAERHSNNRIFF,TGTGCTGCTGAGAGGCATAGCAATAACAGAATCTTCTTT,674,4,clonotype5234,None
CCGTGGACATAGACTC-1,TRUE,CCGTGGACATAGACTC-1_contig_1,TRUE,692,TRB,TRBV19,None,TRBJ2-2,None,TRUE,TRUE,CASTRGANTGQLYF,TGTGCCAGCACCAGGGGTGCAAACACCGGGCAGCTCTACTTT,212,4,clonotype5474,clonotype5474_consensus_1
CCTCAGTCAGGGCATA-1,TRUE,CCTCAGTCAGGGCATA-1_contig_1,TRUE,531,TRA,TRAV13N-4,None,TRAJ15,TRAC,TRUE,TRUE,CAMERGQGGRALIF,TGTGCTATGGAACGGGGCCAGGGAGGCAGAGCTCTGATATTT,470,3,clonotype5675,clonotype5675_consensus_1
CCTCAGTCAGGGCATA-1,TRUE,CCTCAGTCAGGGCATA-1_contig_2,TRUE,520,TRB,TRBV14,None,TRBJ2-7,None,TRUE,TRUE,CASRRDWGETEQYF,TGTGCCAGCAGACGGGACTGGGGGGAGACTGAACAGTACTTC,518,6,clonotype5675,clonotype5675_consensus_2
CCTTTCTAGCACAGGT-1,TRUE,CCTTTCTAGCACAGGT-1_contig_1,TRUE,561,TRB,TRBV12-2+TRBV13-2,None,TRBJ2-7,None,TRUE,TRUE,CASGDGGKGYEQYF,TGTGCCAGCGGTGATGGGGGGAAGGGGTATGAACAGTACTTC,342,3,clonotype5809,clonotype5809_consensus_1
CCTTTCTAGCACAGGT-1,TRUE,CCTTTCTAGCACAGGT-1_contig_2,TRUE,559,TRA,TRAV14D-1,None,TRAJ4,TRAC,TRUE,TRUE,CAASVGSFNKLTF,TGTGCAGCAAGTGTTGGTAGCTTCAATAAGTTGACCTTT,182,2,clonotype5809,clonotype5809_consensus_2
CGAATGTTCCTTGCCA-1,TRUE,CGAATGTTCCTTGCCA-1_contig_1,TRUE,564,TRB,TRBV12-2+TRBV13-2,None,TRBJ2-5,None,TRUE,TRUE,CASGARDSGDTQYF,TGTGCCAGCGGTGCCCGGGACAGCGGGGACACCCAGTACTTT,550,4,clonotype5896,clonotype5896_consensus_2
CGAATGTTCCTTGCCA-1,TRUE,CGAATGTTCCTTGCCA-1_contig_2,TRUE,518,TRA,TRAV6-5,None,TRAJ27,TRAC,TRUE,TRUE,CALSPTNTGKLTF,TGTGCTCTGAGCCCGACCAATACAGGCAAATTAACCTTT,298,2,clonotype5896,clonotype5896_consensus_1
CGAATGTTCCTTGCCA-1,TRUE,CGAATGTTCCTTGCCA-1_contig_3,TRUE,315,TRB,None,None,TRBJ2-3,None,FALSE,FALSE,None,None,276,2,clonotype5896,None
CGAGCCACACCGAAAG-1,TRUE,CGAGCCACACCGAAAG-1_contig_1,TRUE,554,TRA,TRAV4D-4,None,TRAJ6,TRAC,TRUE,TRUE,CAASGGNYKPTF,TGTGCTGCCTCAGGAGGAAACTACAAACCTACGTTT,310,5,clonotype6034,clonotype6034_consensus_2
CGAGCCACACCGAAAG-1,TRUE,CGAGCCACACCGAAAG-1_contig_2,TRUE,521,TRB,TRBV13-1,None,TRBJ2-5,None,TRUE,TRUE,CASSETGGGQDTQYF,TGTGCCAGCAGTGAGACAGGGGGAGGGCAAGACACCCAGTACTTT,210,2,clonotype6034,clonotype6034_consensus_1
CGAGCCACACCGAAAG-1,TRUE,CGAGCCACACCGAAAG-1_contig_3,TRUE,330,TRB,None,None,TRBJ2-1,None,FALSE,FALSE,None,None,406,2,clonotype6034,None
CGAGCCACACCGAAAG-1,TRUE,CGAGCCACACCGAAAG-1_contig_4,TRUE,444,TRB,TRBV16,None,TRBJ1-4,TRBC1,TRUE,FALSE,None,None,368,4,clonotype6034,None
CGAGCCACACCGAAAG-1,TRUE,CGAGCCACACCGAAAG-1_contig_5,TRUE,388,TRB,None,None,TRBJ2-7,None,FALSE,FALSE,None,None,552,4,clonotype6034,None
CGCCAAGAGAGTAATC-1,TRUE,CGCCAAGAGAGTAATC-1_contig_1,TRUE,526,TRA,TRAV8D-1,None,TRAJ22,TRAC,TRUE,TRUE,CATASSGSWQLIF,TGTGCTACGGCATCTTCTGGCAGCTGGCAACTCATCTTT,616,3,clonotype6180,clonotype6180_consensus_3
CGCCAAGAGAGTAATC-1,TRUE,CGCCAAGAGAGTAATC-1_contig_2,TRUE,718,TRB,TRBV19,None,TRBJ1-3,TRBC1,TRUE,TRUE,CASSPTDSGNTLYF,TGTGCCAGCAGTCCGACAGATTCTGGAAATACGCTCTATTTT,324,4,clonotype6180,clonotype6180_consensus_2
CGCCAAGAGAGTAATC-1,TRUE,CGCCAAGAGAGTAATC-1_contig_3,TRUE,561,TRB,TRBV12-2+TRBV13-2,None,TRBJ1-5,TRBC1,TRUE,TRUE,CASCRYNNQAPLF,TGTGCCAGCTGCCGTTATAACAACCAGGCTCCGCTTTTT,250,3,clonotype6180,clonotype6180_consensus_1
CGCCAAGAGAGTAATC-1,TRUE,CGCCAAGAGAGTAATC-1_contig_4,TRUE,429,TRB,None,None,TRBJ2-5,None,FALSE,FALSE,None,None,1662,9,clonotype6180,None
CGCCAAGCAGTCCTTC-1,TRUE,CGCCAAGCAGTCCTTC-1_contig_1,TRUE,571,TRB,TRBV1,None,TRBJ2-7,None,TRUE,TRUE,CTCSAHGGSSYEQYF,TGCACCTGCAGTGCCCATGGGGGGAGCTCCTATGAACAGTACTTC,1726,14,clonotype6196,clonotype6196_consensus_2
CGCCAAGCAGTCCTTC-1,TRUE,CGCCAAGCAGTCCTTC-1_contig_2,TRUE,524,TRA,TRAV6-7-DV9,None,TRAJ31,TRAC,TRUE,TRUE,CALGDGGNNRIFF,TGTGCTCTGGGTGATGGGGGCAATAACAGAATCTTCTTT,350,3,clonotype6196,clonotype6196_consensus_1
CGTCCATCACCAGGCT-1,TRUE,CGTCCATCACCAGGCT-1_contig_1,TRUE,544,TRA,TRAV10,None,TRAJ57,TRAC,TRUE,TRUE,CAASMTAKLIF,TGTGCAGCAAGCATGACCGCGAAGCTCATCTTT,148,1,clonotype6795,clonotype6795_consensus_1
CGTCCATCACCAGGCT-1,TRUE,CGTCCATCACCAGGCT-1_contig_2,TRUE,508,TRB,TRBV10,None,TRBJ2-7,None,TRUE,TRUE,CASSPGLGGHEQYF,TGTGCCAGCAGTCCCGGACTGGGGGGGCATGAACAGTACTTC,514,5,clonotype6795,clonotype6795_consensus_2
CGTCCATCACCAGGCT-1,TRUE,CGTCCATCACCAGGCT-1_contig_3,TRUE,532,Multi,TRDV1,None,TRAJ57,TRAC,TRUE,FALSE,CGGKEGGSAKLIF,TGTGGAGGGAAAGAAGGAGGGTCTGCGAAGCTCATCTTT,70,2,clonotype6795,None
CGTCTACAGTACGATA-1,TRUE,CGTCTACAGTACGATA-1_contig_1,TRUE,581,TRB,TRBV26,None,TRBJ1-1,TRBC1,TRUE,TRUE,CASSLGTGTTEVFF,TGTGCCAGCAGTCTGGGGACAGGGACCACAGAAGTCTTCTTT,1706,15,clonotype6821,clonotype6821_consensus_1
CTAACTTCACATAACC-1,TRUE,CTAACTTCACATAACC-1_contig_1,TRUE,590,TRA,TRAV5-4,None,TRAJ23,TRAC,TRUE,TRUE,CAASAYNQGKLIF,TGTGCTGCAAGTGCATATAACCAGGGGAAGCTTATCTTT,624,3,clonotype7048,clonotype7048_consensus_1
CTAACTTCACATAACC-1,TRUE,CTAACTTCACATAACC-1_contig_2,TRUE,657,TRB,TRBV2,None,TRBJ1-1,TRBC1,TRUE,TRUE,CASSQETQNTEVFF,TGTGCCAGCAGCCAAGAAACGCAAAACACAGAAGTCTTCTTT,136,1,clonotype7048,clonotype7048_consensus_2
CTAACTTCACATAACC-1,TRUE,CTAACTTCACATAACC-1_contig_3,TRUE,422,TRB,None,None,TRBJ2-7,None,FALSE,FALSE,None,None,5076,25,clonotype7048,None
CTAGTGACATGGAATA-1,TRUE,CTAGTGACATGGAATA-1_contig_1,TRUE,515,TRB,TRBV15,None,TRBJ2-7,None,TRUE,TRUE,CASSLLVHEQYF,TGTGCCAGCAGTTTACTGGTTCATGAACAGTACTTC,618,5,clonotype5,clonotype5_consensus_1
CTTTGCGAGTCTCGGC-1,TRUE,CTTTGCGAGTCTCGGC-1_contig_1,TRUE,501,TRA,TRAV13N-1,None,TRAJ22,TRAC,TRUE,TRUE,CAMEPSSGSWQLIF,TGTGCTATGGAACCCTCTTCTGGCAGCTGGCAACTCATCTTT,572,3,clonotype8305,clonotype8305_consensus_1
CTTTGCGAGTCTCGGC-1,TRUE,CTTTGCGAGTCTCGGC-1_contig_2,TRUE,513,TRB,TRBV23,None,TRBJ2-3,None,TRUE,TRUE,CSSSHRDNAETLYF,TGCTCCAGCAGTCACCGGGACAATGCAGAAACGCTGTATTTT,406,4,clonotype8305,clonotype8305_consensus_2
CTTTGCGAGTCTCGGC-1,TRUE,CTTTGCGAGTCTCGGC-1_contig_3,TRUE,313,TRB,None,None,TRBJ2-7,None,FALSE,FALSE,None,None,956,11,clonotype8305,None
GAACCTAGTTTGTTGG-1,TRUE,GAACCTAGTTTGTTGG-1_contig_1,TRUE,569,TRA,TRAV12-2,None,TRAJ40,TRAC,TRUE,TRUE,CALSDTGNYKYVF,TGTGCTTTGAGTGATACAGGAAACTACAAATACGTCTTT,598,3,clonotype8454,clonotype8454_consensus_2
GAACCTAGTTTGTTGG-1,TRUE,GAACCTAGTTTGTTGG-1_contig_2,TRUE,664,TRB,TRBV19,None,TRBJ2-5,None,TRUE,TRUE,CASTRTGRDTQYF,TGTGCCAGCACCCGGACTGGGAGGGACACCCAGTACTTT,200,3,clonotype8454,clonotype8454_consensus_1
GAAGCAGTCTCTAAGG-1,TRUE,GAAGCAGTCTCTAAGG-1_contig_1,TRUE,525,TRB,TRBV5,None,TRBJ1-4,TRBC1,TRUE,TRUE,CASSAGTGEPNERLFF,TGTGCCAGCAGTGCCGGGACAGGGGAGCCCAACGAAAGATTATTTTTC,782,6,clonotype8510,clonotype8510_consensus_1
GAAGCAGTCTCTAAGG-1,TRUE,GAAGCAGTCTCTAAGG-1_contig_2,TRUE,496,TRA,TRAV6-5,None,TRAJ9,TRAC,TRUE,FALSE,None,None,210,3,clonotype8510,None
GAAGCAGTCTGCAGTA-1,TRUE,GAAGCAGTCTGCAGTA-1_contig_1,TRUE,577,TRB,TRBV1,None,TRBJ2-5,None,TRUE,TRUE,CTCSADLGGVNQDTQYF,TGCACCTGCAGTGCAGATCTGGGGGGGGTTAACCAAGACACCCAGTACTTT,1820,9,clonotype8511,clonotype8511_consensus_2
GAAGCAGTCTGCAGTA-1,TRUE,GAAGCAGTCTGCAGTA-1_contig_2,TRUE,529,TRA,TRAV7D-2,None,TRAJ4,TRAC,TRUE,TRUE,CAARLSGSFNKLTF,TGTGCAGCAAGGCTATCTGGTAGCTTCAATAAGTTGACCTTT,280,5,clonotype8511,clonotype8511_consensus_3
GAAGCAGTCTGCAGTA-1,TRUE,GAAGCAGTCTGCAGTA-1_contig_3,TRUE,567,TRB,TRBV12-2+TRBV13-2,None,TRBJ1-5,TRBC1,TRUE,TRUE,CASGDSRDRGAPLF,TGTGCCAGCGGGGATTCCCGGGACAGGGGGGCTCCGCTTTTT,1266,9,clonotype8511,clonotype8511_consensus_1
GAAGCAGTCTGCAGTA-1,TRUE,GAAGCAGTCTGCAGTA-1_contig_4,TRUE,373,TRB,None,None,TRBJ1-3,TRBC1,FALSE,FALSE,None,None,1126,5,clonotype8511,None
GACAGAGGTCAGAGGT-1,TRUE,GACAGAGGTCAGAGGT-1_contig_1,TRUE,573,TRA,TRAV12D-3,None,TRAJ32,TRAC,TRUE,TRUE,CALSDRYGSSGNKLIF,TGTGCTCTGAGTGATCGTTATGGGAGCAGTGGCAACAAGCTCATCTTT,170,1,clonotype8632,clonotype8632_consensus_2
GACAGAGGTCAGAGGT-1,TRUE,GACAGAGGTCAGAGGT-1_contig_2,TRUE,522,TRB,TRBV17,None,TRBJ2-5,None,TRUE,TRUE,CASSSQGTDTQYF,TGTGCTAGCAGTAGCCAGGGTACAGACACCCAGTACTTT,1518,11,clonotype8632,clonotype8632_consensus_1
GACTAACGTTCAGTAC-1,TRUE,GACTAACGTTCAGTAC-1_contig_1,TRUE,550,TRB,TRBV12-1,None,TRBJ2-7,None,TRUE,TRUE,CASPGLGYEQYF,TGTGCCAGCCCGGGACTGGGGTATGAACAGTACTTC,360,3,clonotype8893,clonotype8893_consensus_2
GACTAACGTTCAGTAC-1,TRUE,GACTAACGTTCAGTAC-1_contig_2,TRUE,549,TRA,TRAV10,None,TRAJ30,TRAC,TRUE,TRUE,CAASPDTNAYKVIF,TGTGCAGCAAGCCCTGACACAAATGCTTACAAAGTCATCTTT,256,1,clonotype8893,clonotype8893_consensus_1
GATCAGTAGACACGAC-1,TRUE,GATCAGTAGACACGAC-1_contig_1,TRUE,521,TRB,TRBV15,None,TRBJ2-4,None,TRUE,TRUE,CASSPSGTANTLYF,TGTGCCAGCAGCCCGTCCGGGACTGCCAACACCTTGTACTTT,844,10,clonotype9055,clonotype9055_consensus_2
GATCAGTAGACACGAC-1,TRUE,GATCAGTAGACACGAC-1_contig_2,TRUE,545,TRA,TRAV9-1,None,TRAJ16,TRAC,TRUE,TRUE,CAVSATSSGQKLVF,TGTGCTGTGAGCGCAACTTCAAGTGGCCAGAAGCTGGTTTTT,70,2,clonotype9055,clonotype9055_consensus_3
GATCAGTAGACACGAC-1,TRUE,GATCAGTAGACACGAC-1_contig_3,TRUE,528,TRA,TRAV7N-6,None,TRAJ35,TRAC,TRUE,TRUE,CAVSPGFASALTF,TGTGCAGTGAGCCCCGGCTTTGCAAGTGCGCTGACATTT,166,2,clonotype9055,clonotype9055_consensus_4
GATCAGTAGACACGAC-1,TRUE,GATCAGTAGACACGAC-1_contig_4,TRUE,677,TRB,TRBV19,None,TRBJ2-4,None,TRUE,TRUE,CASSIGTGGDTLYF,TGTGCCAGCAGTATAGGGACAGGGGGGGACACCTTGTACTTT,748,4,clonotype9055,clonotype9055_consensus_1
GCAGCCAAGTACACCT-1,TRUE,GCAGCCAAGTACACCT-1_contig_1,TRUE,518,TRB,TRBV15,None,TRBJ1-1,TRBC1,TRUE,TRUE,CASSLVAGTEVFF,TGTGCCAGCAGTTTGGTAGCGGGGACAGAAGTCTTCTTT,386,4,clonotype9464,clonotype9464_consensus_1
GCAGCCAAGTACACCT-1,TRUE,GCAGCCAAGTACACCT-1_contig_2,TRUE,332,TRB,None,None,TRBJ2-1,None,FALSE,FALSE,None,None,446,2,clonotype9464,None
GCGCAGTCAGTACACT-1,TRUE,GCGCAGTCAGTACACT-1_contig_1,TRUE,517,TRB,TRBV14,None,TRBJ1-4,TRBC1,TRUE,TRUE,CASSQDRGRPNERLFF,TGTGCCAGCAGCCAGGACAGGGGGCGCCCCAACGAAAGATTATTTTTC,562,4,clonotype9825,clonotype9825_consensus_1
GCGCAGTCAGTACACT-1,TRUE,GCGCAGTCAGTACACT-1_contig_2,TRUE,416,TRA,TRAV13-2,None,TRAJ50,TRAC,TRUE,FALSE,CALASSSFSKLVF,TGTGCCTTAGCATCCTCCTCCTTCAGCAAGCTGGTGTTT,154,1,clonotype9825,None
GCTGCTTAGACAAAGG-1,TRUE,GCTGCTTAGACAAAGG-1_contig_1,TRUE,519,TRB,TRBV13-3,None,TRBJ1-4,TRBC1,TRUE,TRUE,CASSDDWGPNERLFF,TGTGCCAGCAGTGATGATTGGGGGCCCAACGAAAGATTATTTTTC,346,3,clonotype10082,clonotype10082_consensus_1
GGGTTGCGTGCTCTTC-1,TRUE,GGGTTGCGTGCTCTTC-1_contig_1,TRUE,518,TRB,TRBV15,None,TRBJ2-7,None,TRUE,TRUE,CASSSQDRVEQYF,TGTGCCAGCAGTTCCCAGGACAGGGTTGAACAGTACTTC,594,7,clonotype11000,clonotype11000_consensus_3
GGGTTGCGTGCTCTTC-1,TRUE,GGGTTGCGTGCTCTTC-1_contig_2,TRUE,531,TRB,TRBV31,None,TRBJ2-3,None,TRUE,TRUE,CAWSPAGGVSAETLYF,TGTGCCTGGAGTCCGGCTGGGGGGGTTAGTGCAGAAACGCTGTATTTT,412,3,clonotype11000,clonotype11000_consensus_2
GGGTTGCGTGCTCTTC-1,TRUE,GGGTTGCGTGCTCTTC-1_contig_3,TRUE,507,TRA,TRAV7D-3,None,TRAJ9,TRAC,TRUE,TRUE,CAVSMMGYKLTF,TGTGCAGTGAGCATGATGGGCTACAAACTTACCTTC,198,1,clonotype11000,clonotype11000_consensus_1
GGTGAAGCACAGGAGT-1,TRUE,GGTGAAGCACAGGAGT-1_contig_1,TRUE,502,TRB,TRBV13-1,None,TRBJ2-7,None,TRUE,TRUE,CASITGYEQYF,TGTGCCAGCATAACTGGGTATGAACAGTACTTC,380,4,clonotype11067,clonotype11067_consensus_1
GGTGAAGCACAGGAGT-1,TRUE,GGTGAAGCACAGGAGT-1_contig_2,TRUE,556,Multi,TRDV1,None,TRAJ48,TRAC,TRUE,FALSE,CGGKPNYGNEKITF,TGTGGAGGGAAACCCAACTATGGAAATGAGAAAATAACTTTT,102,1,clonotype11067,None
GGTGAAGCACAGGAGT-1,TRUE,GGTGAAGCACAGGAGT-1_contig_3,TRUE,382,TRB,None,None,TRBJ2-1,None,FALSE,FALSE,None,None,900,5,clonotype11067,None
GTCCTCAGTAACGTTC-1,TRUE,GTCCTCAGTAACGTTC-1_contig_1,TRUE,525,TRB,TRBV5,None,TRBJ2-7,None,TRUE,TRUE,CASSQERDWGGFEQYF,TGTGCCAGCAGCCAAGAACGGGACTGGGGGGGGTTTGAACAGTACTTC,510,4,clonotype11588,clonotype11588_consensus_1
GTCCTCAGTAACGTTC-1,TRUE,GTCCTCAGTAACGTTC-1_contig_2,TRUE,524,TRB,TRBV15,None,TRBJ1-3,TRBC1,TRUE,TRUE,CASSLGGGAGNTLYF,TGTGCCAGCAGTTTAGGCGGGGGCGCTGGAAATACGCTCTATTTT,1884,14,clonotype11588,clonotype11588_consensus_2
GTCCTCAGTAACGTTC-1,TRUE,GTCCTCAGTAACGTTC-1_contig_3,TRUE,365,TRB,None,None,TRBJ2-1,None,FALSE,FALSE,None,None,366,2,clonotype11588,None
GTCCTCATCGGTTAAC-1,TRUE,GTCCTCATCGGTTAAC-1_contig_1,TRUE,582,TRA,TRAV12D-1,None,TRAJ12,TRAC,TRUE,TRUE,CALSDLTGGYKVVF,TGTGCTCTGAGTGATCTGACTGGAGGCTATAAAGTGGTCTTT,500,2,clonotype11598,clonotype11598_consensus_2
GTCCTCATCGGTTAAC-1,TRUE,GTCCTCATCGGTTAAC-1_contig_2,TRUE,558,TRB,TRBV16,None,TRBJ1-5,TRBC1,TRUE,TRUE,CASSLDRWWADNQAPLF,TGTGCAAGCAGCTTAGATCGCTGGTGGGCTGACAACCAGGCTCCGCTTTTT,1454,14,clonotype11598,clonotype11598_consensus_1
GTCTTCGCATCTATGG-1,TRUE,GTCTTCGCATCTATGG-1_contig_1,TRUE,534,TRA,TRAV6-3,None,TRAJ30,TRAC,TRUE,TRUE,CAMRPDTNAYKVIF,TGTGCTATGAGGCCTGACACAAATGCTTACAAAGTCATCTTT,196,2,clonotype11718,clonotype11718_consensus_1
GTCTTCGCATCTATGG-1,TRUE,GTCTTCGCATCTATGG-1_contig_2,TRUE,535,TRB,TRBV20,None,TRBJ2-2,None,TRUE,TRUE,CGAMDRENTGQLYF,TGTGGTGCTATGGACAGGGAAAACACCGGGCAGCTCTACTTT,416,3,clonotype11718,clonotype11718_consensus_2
GTCTTCGCATCTATGG-1,TRUE,GTCTTCGCATCTATGG-1_contig_3,TRUE,322,TRB,None,None,TRBJ2-7,None,FALSE,FALSE,None,None,234,1,clonotype11718,None
GTTCATTAGGGCTTGA-1,TRUE,GTTCATTAGGGCTTGA-1_contig_1,TRUE,511,TRA,TRAV13N-1,None,TRAJ57,TRAC,TRUE,TRUE,CAMERDQGGSAKLIF,TGTGCTATGGAACGTGATCAAGGAGGGTCTGCGAAGCTCATCTTT,178,2,clonotype12046,clonotype12046_consensus_1
GTTCATTAGGGCTTGA-1,TRUE,GTTCATTAGGGCTTGA-1_contig_2,TRUE,558,TRB,TRBV12-2+TRBV13-2,None,TRBJ2-7,None,TRUE,TRUE,CASGETVYEQYF,TGTGCCAGCGGTGAGACAGTCTATGAACAGTACTTC,1146,12,clonotype12046,clonotype12046_consensus_2
GTTTCTAAGCCTTGAT-1,TRUE,GTTTCTAAGCCTTGAT-1_contig_1,TRUE,498,TRA,TRAV21-DV12,None,TRAJ57,TRAC,TRUE,TRUE,CILKGGSAKLIF,TGTATCCTCAAAGGAGGGTCTGCGAAGCTCATCTTT,470,6,clonotype12140,clonotype12140_consensus_3
GTTTCTAAGCCTTGAT-1,TRUE,GTTTCTAAGCCTTGAT-1_contig_2,TRUE,565,TRB,TRBV1,None,TRBJ1-3,TRBC1,TRUE,TRUE,CTCSVQGGNTLYF,TGCACCTGCAGTGTACAGGGAGGAAATACGCTCTATTTT,1244,12,clonotype12140,clonotype12140_consensus_1
GTTTCTAAGCCTTGAT-1,TRUE,GTTTCTAAGCCTTGAT-1_contig_3,TRUE,554,TRB,TRBV20,None,TRBJ2-7,None,TRUE,TRUE,CGARVTGAEQYF,TGTGGTGCTAGGGTGACTGGGGCTGAACAGTACTTC,2454,16,clonotype12140,clonotype12140_consensus_2
TACCTATGTTGCCTCT-1,TRUE,TACCTATGTTGCCTCT-1_contig_1,TRUE,597,TRB,TRBV31,None,TRBJ1-2,TRBC1,TRUE,TRUE,CAWSQTGRGSDYTF,TGTGCCTGGAGTCAAACAGGGAGGGGCTCCGACTACACCTTC,140,3,clonotype12398,clonotype12398_consensus_2
TACCTATGTTGCCTCT-1,TRUE,TACCTATGTTGCCTCT-1_contig_2,TRUE,558,TRA,TRAV12-3,None,TRAJ30,TRAC,TRUE,TRUE,CARLTNAYKVIF,TGTGCTCGACTCACAAATGCTTACAAAGTCATCTTT,506,4,clonotype12398,clonotype12398_consensus_3
TACCTATGTTGCCTCT-1,TRUE,TACCTATGTTGCCTCT-1_contig_3,TRUE,572,TRB,TRBV12-2+TRBV13-2,None,TRBJ2-1,None,TRUE,TRUE,CASGDAGTGGNYAEQFF,TGTGCCAGCGGTGATGCCGGGACTGGGGGCAACTATGCTGAGCAGTTCTTC,832,7,clonotype12398,clonotype12398_consensus_1
TAGAGCTGTGATGTGG-1,TRUE,TAGAGCTGTGATGTGG-1_contig_1,TRUE,586,TRA,TRAV12D-2,None,TRAJ26,TRAC,TRUE,TRUE,CALSGNNYAQGLTF,TGTGCTTTGAGCGGAAATAACTATGCCCAGGGATTAACCTTC,222,1,clonotype12746,clonotype12746_consensus_2
TAGAGCTGTGATGTGG-1,TRUE,TAGAGCTGTGATGTGG-1_contig_2,TRUE,652,TRB,TRBV2,None,TRBJ2-7,None,TRUE,TRUE,CASSPTGGYEQYF,TGTGCCAGCAGCCCGACTGGGGGTTATGAACAGTACTTC,576,4,clonotype12746,clonotype12746_consensus_1
TCAACGAGTACGAAAT-1,TRUE,TCAACGAGTACGAAAT-1_contig_1,TRUE,552,TRB,TRBV16,None,TRBJ1-1,TRBC1,TRUE,TRUE,CASSQSRTGNTEVFF,TGTGCAAGCAGCCAGTCTCGTACAGGAAACACAGAAGTCTTCTTT,444,5,clonotype13004,clonotype13004_consensus_1
TCAACGAGTACGAAAT-1,TRUE,TCAACGAGTACGAAAT-1_contig_2,TRUE,566,TRA,TRAV12-3,None,TRAJ38,TRAC,TRUE,TRUE,CALRDVGDNSKLIW,TGTGCTCTGAGAGATGTTGGTGACAACAGTAAGCTGATTTGG,422,2,clonotype13004,clonotype13004_consensus_2
TCAGGTAGTGCGCTTG-1,TRUE,TCAGGTAGTGCGCTTG-1_contig_1,TRUE,612,TRB,TRBV12-2,None,TRBJ2-1,None,TRUE,TRUE,CASSLGGEAEQFF,TGTGCCAGCTCTCTGGGGGGGGAGGCTGAGCAGTTCTTC,448,3,clonotype13261,clonotype13261_consensus_1
TCATTTGCAGTATGCT-1,TRUE,TCATTTGCAGTATGCT-1_contig_1,TRUE,555,TRB,TRBV16,None,TRBJ1-4,TRBC1,TRUE,TRUE,CASSLAGQGKDERLFF,TGTGCAAGCAGCTTAGCCGGACAGGGAAAGGACGAAAGATTATTTTTC,736,8,clonotype13321,clonotype13321_consensus_2
TCATTTGCAGTATGCT-1,TRUE,TCATTTGCAGTATGCT-1_contig_2,TRUE,548,TRA,TRAV6-6,None,TRAJ31,TRAC,TRUE,TRUE,CALGEVWNSNNRIFF,TGTGCTCTGGGTGAAGTATGGAATAGCAATAACAGAATCTTCTTT,366,2,clonotype13321,clonotype13321_consensus_1
TCGTACCCAAGTCTAC-1,TRUE,TCGTACCCAAGTCTAC-1_contig_1,TRUE,544,TRB,TRBV10,None,TRBJ2-1,None,TRUE,TRUE,CASSPGTGYAEQFF,TGTGCCAGCAGCCCAGGGACAGGGTATGCTGAGCAGTTCTTC,492,4,clonotype13585,clonotype13585_consensus_2
TCGTACCCAAGTCTAC-1,TRUE,TCGTACCCAAGTCTAC-1_contig_2,TRUE,687,TRA,TRAV9-2,None,TRAJ49,TRAC,TRUE,TRUE,CVLSSNTGYQNFYF,TGTGTTTTGAGCTCGAACACGGGTTACCAGAACTTCTATTTT,98,2,clonotype13585,clonotype13585_consensus_1
TCTATTGCATGGGACA-1,TRUE,TCTATTGCATGGGACA-1_contig_1,TRUE,538,TRB,TRBV10,None,TRBJ2-3,None,TRUE,TRUE,CASSHSAETLYF,TGTGCCAGCAGTCATAGTGCAGAAACGCTGTATTTT,1126,12,clonotype13666,clonotype13666_consensus_1
TGAAAGAAGAGTGACC-1,TRUE,TGAAAGAAGAGTGACC-1_contig_1,TRUE,522,TRB,TRBV31,None,TRBJ2-4,None,TRUE,TRUE,CAWSRGVENTLYF,TGTGCCTGGAGTCGTGGGGTTGAAAACACCTTGTACTTT,724,8,clonotype13881,clonotype13881_consensus_1
TGCCAAAAGCGTTGCC-1,TRUE,TGCCAAAAGCGTTGCC-1_contig_1,TRUE,518,TRB,TRBV15,None,TRBJ2-1,None,TRUE,TRUE,CASSLEGNAEQFF,TGTGCCAGCAGTTTAGAGGGGAATGCTGAGCAGTTCTTC,800,7,clonotype14228,clonotype14228_consensus_1
TGCCAAAAGCGTTGCC-1,TRUE,TGCCAAAAGCGTTGCC-1_contig_2,TRUE,516,TRA,TRAV6-6,None,TRAJ4,TRAC,TRUE,TRUE,CALGALSGSFNKLTF,TGTGCTCTGGGTGCCTTATCTGGTAGCTTCAATAAGTTGACCTTT,614,5,clonotype14228,clonotype14228_consensus_2
TGCGGGTCATACCATG-1,TRUE,TGCGGGTCATACCATG-1_contig_1,TRUE,674,TRB,TRBV19,None,TRBJ2-3,None,TRUE,TRUE,CASSPPGLGSETLYF,TGTGCCAGCAGTCCTCCGGGACTGGGGTCAGAAACGCTGTATTTT,304,5,clonotype14370,clonotype14370_consensus_1
TGCGGGTTCCGCTGTT-1,TRUE,TGCGGGTTCCGCTGTT-1_contig_1,TRUE,581,TRA,TRAV14D-3-DV8,None,TRAJ45,TRAC,TRUE,TRUE,CAASVGTEGADRLTF,TGTGCAGCAAGTGTGGGGACAGAAGGTGCAGATAGACTCACCTTT,252,1,clonotype14389,clonotype14389_consensus_1
TGCGGGTTCCGCTGTT-1,TRUE,TGCGGGTTCCGCTGTT-1_contig_2,TRUE,510,TRB,TRBV13-3,None,TRBJ2-3,None,TRUE,TRUE,CASSDGGASAETLYF,TGTGCCAGCAGTGATGGGGGGGCTAGTGCAGAAACGCTGTATTTT,726,4,clonotype14389,clonotype14389_consensus_2
TGCGGGTTCCGCTGTT-1,TRUE,TGCGGGTTCCGCTGTT-1_contig_3,TRUE,522,TRB,TRBV19,None,TRBJ2-4,None,TRUE,FALSE,CQQYEVGVSSQNTLYF,TGCCAGCAGTATGAGGTGGGGGTCTCTAGTCAAAACACCTTGTACTTT,140,1,clonotype14389,None
TGCTGCTAGGCCATAG-1,TRUE,TGCTGCTAGGCCATAG-1_contig_1,TRUE,633,TRA,TRAV7-1,None,TRAJ37,TRAC,TRUE,TRUE,CAVSKGTGNTGKLIF,TGTGCAGTGAGCAAGGGGACAGGCAATACCGGAAAACTCATCTTT,140,2,clonotype14466,clonotype14466_consensus_1
TGCTGCTAGGCCATAG-1,TRUE,TGCTGCTAGGCCATAG-1_contig_2,TRUE,573,TRB,TRBV12-2+TRBV13-2,None,TRBJ2-5,None,TRUE,TRUE,CASGDAGTGGDQDTQYF,TGTGCCAGCGGTGATGCGGGGACAGGGGGCGACCAAGACACCCAGTACTTT,330,3,clonotype14466,clonotype14466_consensus_2
TGGACGCAGGCCATAG-1,TRUE,TGGACGCAGGCCATAG-1_contig_1,TRUE,542,TRA,TRAV14D-1,None,TRAJ31,TRAC,TRUE,TRUE,CAASENSNNRIFF,TGTGCAGCAAGTGAGAATAGCAATAACAGAATCTTCTTT,628,3,clonotype14497,clonotype14497_consensus_2
TGGACGCAGGCCATAG-1,TRUE,TGGACGCAGGCCATAG-1_contig_2,TRUE,515,TRB,TRBV26,None,TRBJ2-4,None,TRUE,TRUE,CASSLSNNQNTLYF,TGTGCCAGCAGTCTGTCGAACAATCAAAACACCTTGTACTTT,378,2,clonotype14497,clonotype14497_consensus_1
TGGACGCAGGCCATAG-1,TRUE,TGGACGCAGGCCATAG-1_contig_3,TRUE,354,TRB,None,None,TRBJ2-1,None,FALSE,FALSE,None,None,660,3,clonotype14497,None
TTAACTCTCTCCGGTT-1,TRUE,TTAACTCTCTCCGGTT-1_contig_1,TRUE,565,TRB,TRBV12-2+TRBV13-2,None,TRBJ1-3,TRBC1,TRUE,TRUE,CASGDAVSGNTLYF,TGTGCCAGCGGTGATGCAGTTTCTGGAAATACGCTCTATTTT,1014,7,clonotype14953,clonotype14953_consensus_1
TTTACTGAGAGTTGGC-1,TRUE,TTTACTGAGAGTTGGC-1_contig_1,TRUE,538,TRB,TRBV10,None,TRBJ1-2,TRBC1,TRUE,TRUE,CASSPDSSGYTF,TGTGCCAGCAGCCCCGACAGTTCCGGCTACACCTTC,782,7,clonotype15511,clonotype15511_consensus_1
TTTACTGAGAGTTGGC-1,TRUE,TTTACTGAGAGTTGGC-1_contig_2,TRUE,422,TRB,None,None,TRBJ2-1,None,FALSE,FALSE,None,None,1436,7,clonotype15511,None
